888392681812;Mont Scape L MatteBlack wPrizm Saph;108,18;238,00;4;432,72;0;0;0OO7149;71490100;0OO714971490100;NEW FW26;SNOW GOGGLES;MONT SCAPE L;MATTE BLACK;PRIZM SAPPHIRE
888392681829;Mont Scape L MatteBlack wPrizm Torch;108,18;238,00;4;432,72;0;0;0OO7149;71490200;0OO714971490200;NEW FW26;SNOW GOGGLES;MONT SCAPE L;MATTE BLACK;PRIZM TORCH
888392681836;Mont Scape L MatteBlack wPrizm Argon;108,18;238,00;4;432,72;0;0;0OO7149;71490300;0OO714971490300;NEW FW26;SNOW GOGGLES;MONT SCAPE L;MATTE BLACK;PRIZM ARGON
888392681843;Mont Scape L MatteBlack wPrizm Sage Gold;108,18;238,00;4;432,72;0;0;0OO7149;71490400;0OO714971490400;NEW FW26;SNOW GOGGLES;MONT SCAPE L;MATTE BLACK;PRIZM SAGE GOLD
888392681850;Mont Scape L MatteBlack wPrizm Rose Gold;108,18;238,00;2;216,36;0;0;0OO7149;71490500;0OO714971490500;NEW FW26;SNOW GOGGLES;MONT SCAPE L;MATTE BLACK;PRIZM ROSE GOLD
888392681867;Mont Scape L MatteBlack wPrizm Black;108,18;238,00;4;432,72;0;0;0OO7149;71490600;0OO714971490600;NEW FW26;SNOW GOGGLES;MONT SCAPE L;MATTE BLACK;PRIZM BLACK
888392681874;Mont Scape L MatteBlack wPrizm Iced;108,18;238,00;4;432,72;0;0;0OO7149;71490700;0OO714971490700;NEW FW26;SNOW GOGGLES;MONT SCAPE L;MATTE BLACK;PRIZM ICED
888392681881;Mont Scape L MatteBlack wPrizm Clear;90,00;198,00;4;360;0;0;0OO7149;71490800;0OO714971490800;NEW FW26;SNOW GOGGLES;MONT SCAPE L;MATTE BLACK;PRIZM CLEAR
888392681898;Mont Scape L MatteBlack wPrizm Persimmon;90,00;198,00;4;360;0;0;0OO7149;71490900;0OO714971490900;NEW FW26;SNOW GOGGLES;MONT SCAPE L;MATTE BLACK;PRIZM PERSIMMON
888392681904;Mont Scape L MatteWhite wPrizm Saph;108,18;238,00;2;216,36;0;0;0OO7149;71491000;0OO714971491000;NEW FW26;SNOW GOGGLES;MONT SCAPE L;MATTE WHITE;PRIZM SAPPHIRE
888392681911;Mont Scape L MatteWhite wPrizm Torch;108,18;238,00;2;216,36;0;0;0OO7149;71491100;0OO714971491100;NEW FW26;SNOW GOGGLES;MONT SCAPE L;MATTE WHITE;PRIZM TORCH
888392681928;Mont Scape L MatteWhite wPrizm Argon;108,18;238,00;2;216,36;0;0;0OO7149;71491200;0OO714971491200;NEW FW26;SNOW GOGGLES;MONT SCAPE L;MATTE WHITE;PRIZM ARGON
888392681935;Mont Scape L MatteWhite wPrizm Sage Gold;108,18;238,00;2;216,36;0;0;0OO7149;71491300;0OO714971491300;NEW FW26;SNOW GOGGLES;MONT SCAPE L;MATTE WHITE;PRIZM SAGE GOLD
888392681942;Mont Scape L MatteWhite wPrizm Iced;108,18;238,00;2;216,36;0;0;0OO7149;71491400;0OO714971491400;NEW FW26;SNOW GOGGLES;MONT SCAPE L;MATTE WHITE;PRIZM ICED
888392681959;Mont Scape L MatteWhite wPrizm Persimmon;90,00;198,00;2;180;0;0;0OO7149;71491500;0OO714971491500;NEW FW26;SNOW GOGGLES;MONT SCAPE L;MATTE WHITE;PRIZM PERSIMMON
888392685506;Mont Scape L Fern Static wPrizm Black;108,18;238,00;2;216,36;0;0;0OO7149;71491600;0OO714971491600;NEW FW26;SNOW GOGGLES;MONT SCAPE L;MATTE SILVER GREEN COLORSHIFT;PRIZM BLACK
888392685513;Mont Scape L Grey Hazard wPrizm Torch;108,18;238,00;2;216,36;0;0;0OO7149;71491700;0OO714971491700;NEW FW26;SNOW GOGGLES;MONT SCAPE L;MATTE TITANIUM;PRIZM TORCH
888392685520;Mont Scape L Pacific Tred wPrizm Saph;108,18;238,00;2;216,36;0;0;0OO7149;71491800;0OO714971491800;NEW FW26;SNOW GOGGLES;MONT SCAPE L;MATTE BLACK AQUA GRADIENT FADE;PRIZM SAPPHIRE
888392685773;Mont Scape L Colby Sig wPrizm Black;117,27;258,00;3;351,81;0;0;0OO7149;71491900;0OO714971491900;NEW FW26;SNOW GOGGLES;MONT SCAPE L;BLACK FADE COOL GREY;PRIZM SNOW BLACK
888392686558;Mont Scape L Sage Sig wPrizm Black;117,27;258,00;3;351,81;0;0;0OO7149;71492100;0OO714971492100;NEW FW26;SNOW GOGGLES;MONT SCAPE L;MATTE TITANIUM;PRIZM SNOW BLACK
888392686565;Mont Scape L Rene Sig wPrizm Black;117,27;258,00;3;351,81;0;0;0OO7149;71492200;0OO714971492200;NEW FW26;SNOW GOGGLES;MONT SCAPE L;POLISHED BLACK;PRIZM SNOW BLACK
888392686572;Mont Scape L Mia Brookes Sig wPrizmBlk;117,27;258,00;3;351,81;0;0;0OO7149;71492300;0OO714971492300;NEW FW26;SNOW GOGGLES;MONT SCAPE L;MATTE BLACK;PRIZM SNOW BLACK
888392682512;Mont Scape M MatteBlack wPrizm Saph;108,18;238,00;4;432,72;0;0;0OO7150;71500100;0OO715071500100;NEW FW26;SNOW GOGGLES;MONT SCAPE M;MATTE BLACK;PRIZM SAPPHIRE
888392682529;Mont Scape M MatteBlack wPrizm Torch;108,18;238,00;4;432,72;0;0;0OO7150;71500200;0OO715071500200;NEW FW26;SNOW GOGGLES;MONT SCAPE M;MATTE BLACK;PRIZM TORCH
888392682536;Mont Scape M MatteBlack wPrizm Argon;108,18;238,00;4;432,72;0;0;0OO7150;71500300;0OO715071500300;NEW FW26;SNOW GOGGLES;MONT SCAPE M;MATTE BLACK;PRIZM ARGON
888392682543;Mont Scape M MatteBlack wPrizm Sage Gld;108,18;238,00;4;432,72;0;0;0OO7150;71500400;0OO715071500400;NEW FW26;SNOW GOGGLES;MONT SCAPE M;MATTE BLACK;PRIZM SAGE GOLD
888392682550;Mont Scape M MatteBlack wPrizm Rose Gold;108,18;238,00;4;432,72;0;0;0OO7150;71500500;0OO715071500500;NEW FW26;SNOW GOGGLES;MONT SCAPE M;MATTE BLACK;PRIZM ROSE GOLD
888392682567;Mont Scape M MatteBlack wPrizm Black;108,18;238,00;4;432,72;0;0;0OO7150;71500600;0OO715071500600;NEW FW26;SNOW GOGGLES;MONT SCAPE M;MATTE BLACK;PRIZM BLACK
888392682574;Mont Scape M MatteBlack wPrizm Iced;108,18;238,00;4;432,72;0;0;0OO7150;71500700;0OO715071500700;NEW FW26;SNOW GOGGLES;MONT SCAPE M;MATTE BLACK;PRIZM ICED
888392682581;Mont Scape M MatteBlack wPrizm Clear;90,00;198,00;4;360;0;0;0OO7150;71500800;0OO715071500800;NEW FW26;SNOW GOGGLES;MONT SCAPE M;MATTE BLACK;PRIZM CLEAR
888392682598;Mont Scape M MatteBlack wPrizm Persimmon;90,00;198,00;4;360;0;0;0OO7150;71500900;0OO715071500900;NEW FW26;SNOW GOGGLES;MONT SCAPE M;MATTE BLACK;PRIZM PERSIMMON
888392682604;Mont Scape M MatteWhite wPrizm Saph;108,18;238,00;2;216,36;0;0;0OO7150;71501000;0OO715071501000;NEW FW26;SNOW GOGGLES;MONT SCAPE M;MATTE WHITE;PRIZM SAPPHIRE
888392682611;Mont Scape M MatteWhite wPrizm Torch;108,18;238,00;2;216,36;0;0;0OO7150;71501100;0OO715071501100;NEW FW26;SNOW GOGGLES;MONT SCAPE M;MATTE WHITE;PRIZM TORCH
888392682628;Mont Scape M MatteWhite wPrizm Argon;108,18;238,00;2;216,36;0;0;0OO7150;71501200;0OO715071501200;NEW FW26;SNOW GOGGLES;MONT SCAPE M;MATTE WHITE;PRIZM ARGON
888392682635;Mont Scape M MatteWhite wPrizm Rose Gold;108,18;238,00;2;216,36;0;0;0OO7150;71501300;0OO715071501300;NEW FW26;SNOW GOGGLES;MONT SCAPE M;MATTE WHITE;PRIZM ROSE GOLD
888392682642;Mont Scape M MatteWhite wPrizm Iced;108,18;238,00;2;216,36;0;0;0OO7150;71501400;0OO715071501400;NEW FW26;SNOW GOGGLES;MONT SCAPE M;MATTE WHITE;PRIZM ICED
888392682659;Mont Scape M MatteWhite wPrizm Persimmon;90,00;198,00;2;180;0;0;0OO7150;71501500;0OO715071501500;NEW FW26;SNOW GOGGLES;MONT SCAPE M;MATTE WHITE;PRIZM PERSIMMON
888392685537;Mont Scape M Aubergine Mtn wPrizm Iced;108,18;238,00;2;216,36;0;0;0OO7150;71501600;0OO715071501600;NEW FW26;SNOW GOGGLES;MONT SCAPE M;MUTED METALLIC AUBERGINE;PRIZM ICED
888392685544;Mont Scape M Dk Brush Blndr wPzm Sge Gld;108,18;238,00;2;216,36;0;0;0OO7150;71501700;0OO715071501700;NEW FW26;SNOW GOGGLES;MONT SCAPE M;WARM GREY;PRIZM SAGE GOLD
888392685551;Mont Scape M HorizonCS wPrizm Rse Gld;108,18;238,00;4;432,72;0;0;0OO7150;71501800;0OO715071501800;NEW FW26;SNOW GOGGLES;MONT SCAPE M;CYAN PURPLE COLORSHIFT;PRIZM ROSE GOLD
888392686589;Mont Scape M Mia Brookes Sig wPrizmBlk;117,27;258,00;2;234,54;0;0;0OO7150;71501900;0OO715071501900;NEW FW26;SNOW GOGGLES;MONT SCAPE M;MATTE BLACK;PRIZM SNOW BLACK
888392668349;Flow L Kilde Sig wPrizm Saph & Iced;179,55;395,00;2;359,1;0;0;0OO7145;71451100;0OO714571451100;;SNOW GOGGLES;FLOW SCAPE L;ALEKSANDER KILDE SIGNATURE;Prizm Sapphire
888392682666;Flow L Abyss wPrizm Saph & Prizm Iced;170,45;375,00;3;511,35;0;0;0OO7145;71452400;0OO714571452400;NEW FW26;SNOW GOGGLES;FLOW SCAPE L;MATTE ABYSS BLUE;PRIZM SAPPHIRE
888392682673;Flow L Fern wPrizm SageGld & PrizmClr;152,27;335,00;3;456,81;0;0;0OO7145;71452500;0OO714571452500;NEW FW26;SNOW GOGGLES;FLOW SCAPE L;MATTE DARK BRUSH;PRIZM SAGE GOLD
888392682680;Flow L Red Tred wPrizmTrch & PrizmPrsmn;152,27;335,00;5;761,35;0;0;0OO7145;71452600;0OO714571452600;NEW FW26;SNOW GOGGLES;FLOW SCAPE L;MATTE BLACK;PRIZM TORCH
888392682697;Flow L BlkBarkFade wPrizmBlk & PrizmIced;170,45;375,00;5;852,25;0;0;0OO7145;71452700;0OO714571452700;NEW FW26;SNOW GOGGLES;FLOW SCAPE L;MATTE TITANIUM;PRIZM BLACK
888392682703;Flow L Abyss Gold wPrizm24k & PrizmIced;170,45;375,00;8;1363,6;0;0;0OO7145;71452800;0OO714571452800;NEW FW26;SNOW GOGGLES;FLOW SCAPE L;ABYSS SPACE DUST;PRIZM 24K
888392686473;Flow L Mikaela Sig W/ PrizmIcd&PrizmSap;179,55;395,00;3;538,65;0;0;0OO7145;71452900;0OO714571452900;NEW FW26;SNOW GOGGLES;FLOW SCAPE L;ABYSS SPACE DUST;PRIZM SAPPHIRE
888392669667;Flow M Kilde Sig wPrizm Saph & Iced;179,55;395,00;2;359,1;0;0;0OO7147;71471100;0OO714771471100;;SNOW GOGGLES;FLOW SCAPE M;ALEKSANDER KILDE SIGNATURE;Prizm Sapphire
888392682710;Flow M Stonewash wPrizmSaph & PrizmIced;170,45;375,00;2;340,9;0;0;0OO7147;71472000;0OO714771472000;NEW FW26;SNOW GOGGLES;FLOW SCAPE M;LIGHT BLUE;PRIZM SAPPHIRE
888392682727;Flow M CoolGry2 wPrzmRseGld & PrzmPrsmn;152,27;335,00;2;304,54;0;0;0OO7147;71472100;0OO714771472100;NEW FW26;SNOW GOGGLES;FLOW SCAPE M;COOL GREY 2;PRIZM ROSE GOLD
888392682734;Flow M Blender wPrizm Blk & Prizm Iced;170,45;375,00;2;340,9;0;0;0OO7147;71472200;0OO714771472200;NEW FW26;SNOW GOGGLES;FLOW SCAPE M;WARM GREY 1;PRIZM BLACK
888392682741;Flow M Camo wPrizm SgeGld & Prizm Prsmn;152,27;335,00;2;304,54;0;0;0OO7147;71472300;0OO714771472300;NEW FW26;SNOW GOGGLES;FLOW SCAPE M;PINK;PRIZM SAGE GOLD
888392682758;Flow M LilacBarkFade wPrzmIce & PrzmSaph;170,45;375,00;2;340,9;0;0;0OO7147;71472400;0OO714771472400;NEW FW26;SNOW GOGGLES;FLOW SCAPE M;LILAC;PRIZM ICED
888392682918;FD PRO M Stonewash wPrizmSaph&PrizmIced;159,09;350,00;4;636,36;0;0;0OO7139;71391100;0OO713971391100;NEW FW26;SNOW GOGGLES;FLIGHT DECK PRO M;;
888392682925;FD PRO M CoolGry wPrzmRseGld & PrzmPrsmn;140,91;310,00;6;845,46;6;845,46;0OO7139;71391200;0OO713971391200;NEW FW26;SNOW GOGGLES;FLIGHT DECK PRO M;;
888392682932;FD PRO M ClsteFngrprnt wPzmSagGld&PzmClr;140,91;310,00;2;281,82;0;0;0OO7139;71391300;0OO713971391300;NEW FW26;SNOW GOGGLES;FLIGHT DECK PRO M;;
888392682949;FD PRO M Horizon wPrizm Blk & Prizm Clr;140,91;310,00;2;281,82;0;0;0OO7139;71391400;0OO713971391400;NEW FW26;SNOW GOGGLES;FLIGHT DECK PRO M;;
888392686503;FD PRO M MikaelaSIGwPrzmSphr&PrzmIced;168,18;370,00;6;1009,08;0;0;0OO7139;71391500;0OO713971391500;NEW FW26;SNOW GOGGLES;FLIGHT DECK PRO M;;
888392682765;FD PRO L Abyss wPrizmSaph & PrizmIced;159,09;350,00;2;318,18;0;0;0OO7138;71381400;0OO713871381400;NEW FW26;SNOW GOGGLES;FLIGHT DECK PRO L;ABYSS;PRIZM SAPPHIRE/PRIZM ICED
888392682772;FD PRO L Fern wPrizmSageGld & PrizmClr;140,91;310,00;2;281,82;0;0;0OO7138;71381500;0OO713871381500;NEW FW26;SNOW GOGGLES;FLIGHT DECK PRO L;DARK BRUSH;PRIZM SAGE GOLD/PRIZM CLEAR
888392682789;FD PRO L Ghost wPrizmTrch & PrizmClr;140,91;310,00;4;563,64;0;0;0OO7138;71381600;0OO713871381600;NEW FW26;SNOW GOGGLES;FLIGHT DECK PRO L;BLACK;PRIZM TORCH/PRIZM CLEAR
888392682796;FD PRO L BluRipsB1B wPrzmSaph & PrzmIced;159,09;350,00;4;636,36;0;0;0OO7138;71381700;0OO713871381700;NEW FW26;SNOW GOGGLES;FLIGHT DECK PRO L;SPACE DUST ABYSS;PRIZM SAPPHIRE/PRIZM ICED
888392682802;FD PRO L StonewashMtn wPrzmSaph &PrzmIce;159,09;350,00;2;318,18;0;0;0OO7138;71381800;0OO713871381800;NEW FW26;SNOW GOGGLES;FLIGHT DECK PRO L;NAVY BLUE;PRIZM SAPPHIRE/PRIZM ICED
888392686510;FD PRO L MikaelaSIGwPrzmSphr&PrzmIced;168,18;370,00;4;672,72;0;0;0OO7138;71381900;0OO713871381900;NEW FW26;SNOW GOGGLES;FLIGHT DECK PRO L;SPACE DUST ABYSS;PRIZM SAPPHIRE/PRIZM ICED
888392683236;LM PRO M Stonewash wPrizmSaph&PrizmIced;136,36;300,00;2;272,72;0;0;0OO7137;71371900;0OO713771371900;NEW FW26;SNOW GOGGLES;LINE MINER PRO M;MATTE LIGHT BLUE;PRIZM SAPPHIRE, PRIZM ICED
888392683243;LM PRO M CoolGry wPrizmRseGld&PrizmPrsmn;118,18;260,00;10;1181,8;4;472,72;0OO7137;71372000;0OO713771372000;NEW FW26;SNOW GOGGLES;LINE MINER PRO M;MATTE COOL GREY;PRIZM ROSE GOLD, PRIZM PERSIMM
888392683250;LM PRO M Blu B1B wPrizmSaph & PrizmIced;136,36;300,00;4;545,44;0;0;0OO7137;71372100;0OO713771372100;NEW FW26;SNOW GOGGLES;LINE MINER PRO M;ANO BLUE & RETINA BURN;PRIZM SAPPHIRE, PRIZM ICED
888392683267;LM PRO M SandMtn wPrizm24k & PrizmClr;118,18;260,00;4;472,72;2;236,36;0OO7137;71372200;0OO713771372200;NEW FW26;SNOW GOGGLES;LINE MINER PRO M;MATTE DARK BROWN;PRIZM 24K, PRIZM CLEAR
888392683182;LM PRO L Abyss wPrizmSaph & PrizmIced;136,36;300,00;2;272,72;0;0;0OO7136;71362100;0OO713671362100;NEW FW26;SNOW GOGGLES;LINE MINER PRO L;ABYSS;PRIZM SAPPHIRE, PRIZM ICED
888392683199;LM PRO L Fern wPrizmSageGld & PrizmClr;118,18;260,00;2;236,36;0;0;0OO7136;71362200;0OO713671362200;NEW FW26;SNOW GOGGLES;LINE MINER PRO L;MATTE DARK GREEN;PRIZM SAGE GOLD, PRIZM CLEAR
888392683205;LM PRO L Speckle wPrizmBlk & PrizmClr;118,18;260,00;4;472,72;2;236,36;0OO7136;71362300;0OO713671362300;NEW FW26;SNOW GOGGLES;LINE MINER PRO L;MATTE WARM GREY;PRIZM BLACK, PRIZM CLEAR
888392683212;LM PRO L Blk Tred wPrzmBlk & PrzmClr;118,18;260,00;4;472,72;2;236,36;0OO7136;71362400;0OO713671362400;NEW FW26;SNOW GOGGLES;LINE MINER PRO L;PALOMA;PRIZM BLACK, PRIZM CLEAR
888392683229;LMP L WhtFngrpntB1B wPrzmTrch & PrzmIced;136,36;300,00;4;545,44;2;272,72;0OO7136;71362500;0OO713671362500;NEW FW26;SNOW GOGGLES;LINE MINER PRO L;GLOSS BLACK;PRIZM TORCH, PRIZM ICED
888392682482;Flight Tracker L Fern wPrizm Sage Gold;82,27;181,00;2;164,54;0;0;0OO7104;71048700;0OO710471048700;NEW FW26;SNOW GOGGLES;FLIGHT TRACKER L;FERN;PRIZM SAGE GOLD
888392682475;Flight Tracker L Iron Red wPrizm Torch;82,27;181,00;4;329,08;0;0;0OO7104;71048800;0OO710471048800;NEW FW26;SNOW GOGGLES;FLIGHT TRACKER L;IRON RED;PRIZM TORCH
888392682468;Flight Tracker L Warp wPrizm Saph;82,27;181,00;2;164,54;0;0;0OO7104;71048900;0OO710471048900;NEW FW26;SNOW GOGGLES;FLIGHT TRACKER L;CACTUS;PRIZM SAPPHIRE
888392686459;Flight Tracker L AviatrOrng wPrizm Torch;82,27;181,00;4;329,08;0;0;0OO7104;71049000;0OO710471049000;NEW FW26;SNOW GOGGLES;FLIGHT TRACKER L;ANODIZED BLUE;PRIZM TORCH
888392681997;Fall Line M Fern wPrizm Sage Gold;99,09;218,00;2;198,18;0;0;0OO7103;71038100;0OO710371038100;NEW FW26;SNOW GOGGLES;FALL LINE M;FERN;PRIZM SNOW SAGE GOLD IRIDIUM
888392682000;Fall Line M Stonewash Static wPrizmSaphr;99,09;218,00;2;198,18;0;0;0OO7103;71038200;0OO710371038200;NEW FW26;SNOW GOGGLES;FALL LINE M;SPACE DUST ABYSS;PRIZM SNOW SAPPHIRE IRIDIUM
888392681966;Fall Line L Fern wPrizm Sage Gld;99,09;218,00;2;198,18;0;0;0OO7099;70997400;0OO709970997400;NEW FW26;SNOW GOGGLES;FALL LINE L;FERN;PRIZM SNOW SAGE GOLD IRIDIUM
888392681973;Fall Line L Iron Red wPrizm Torch;99,09;218,00;6;594,54;0;0;0OO7099;70997500;0OO709970997500;NEW FW26;SNOW GOGGLES;FALL LINE L;IRON RED;PRIZM SNOW TORCH IRIDIUM
888392681980;Fall Line L Grey Diamonds wPrizm 24k;99,09;218,00;6;594,54;0;0;0OO7099;70997600;0OO709970997600;NEW FW26;SNOW GOGGLES;FALL LINE L;TITANIUM;PRIZM SNOW 24K IRIDIUM
888392682284;LM M CelesteStencil wPrizm Argon;75,00;165,00;2;150;0;0;0OO7093;7093A200;0OO70937093A200;NEW FW26;SNOW GOGGLES;LINE MINER M;RETINA BURN;PRIZM SNOW ARGON IRIDIUM
888392682291;Line Miner M MahoganyOura wPrizm Saph;75,00;165,00;4;300;0;0;0OO7093;7093A300;0OO70937093A300;NEW FW26;SNOW GOGGLES;LINE MINER M;METALLIC MAHOGANY;PRIZM SNOW SAPPHIRE IRIDIUM
888392682307;Line Miner M Camo wPrizm Argon;75,00;165,00;2;150;0;0;0OO7093;7093A400;0OO70937093A400;NEW FW26;SNOW GOGGLES;LINE MINER M;PALOMA;PRIZM SNOW ARGON IRIDIUM
888392682215;Line Miner L Fern B1-B wPrizm Sage Gold;75,00;165,00;4;300;0;0;0OO7070;7070J601;0OO70707070J601;NEW FW26;SNOW GOGGLES;LINE MINER L;BLACK;PRIZM SNOW SAGE GOLD IRIDIUM
888392682222;Line Miner L Iron Red B1-B wPrizm Torch;75,00;165,00;4;300;0;0;0OO7070;7070J701;0OO70707070J701;NEW FW26;SNOW GOGGLES;LINE MINER L;BLACK;PRIZM SNOW TORCH IRIDIUM
888392682239;Line Miner L Speckle wPrizm Argon;75,00;165,00;4;300;0;0;0OO7070;7070J801;0OO70707070J801;NEW FW26;SNOW GOGGLES;LINE MINER L;FERN;PRIZM SNOW ARGON IRIDIUM
888392682246;Line Miner L Cactus Black wPrizmSageGold;75,00;165,00;4;300;0;0;0OO7070;7070J901;0OO70707070J901;NEW FW26;SNOW GOGGLES;LINE MINER L;MATTE CACTUS;PRIZM SNOW SAGE GOLD IRIDIUM
888392682253;Line Miner L Royal Tred wPrizm Iced;75,00;165,00;6;450;0;0;0OO7070;7070K001;0OO70707070K001;NEW FW26;SNOW GOGGLES;LINE MINER L;AMETHYST BLACK;PRIZM SNOW ICED IRIDIUM
888392682260;Line Miner L Blue Bolts wPrizm Saphr;75,00;165,00;6;450;0;0;0OO7070;7070K101;0OO70707070K101;NEW FW26;SNOW GOGGLES;LINE MINER L;FLO BLUE;PRIZM SNOW SAPPHIRE IRIDIUM
888392686596;Line Miner L Su Yiming Sig wPrizm 24K;84,09;185,00;6;504,54;2;168,18;0OO7070;7070K201;0OO70707070K201;NEW FW26;SNOW GOGGLES;LINE MINER L;BROWN TORTOISE;PRIZM SNOW 24K
888392686602;Line Miner L Ayumu Sig wPrizm  Black;84,09;185,00;6;504,54;2;168,18;0OO7070;7070K301;0OO70707070K301;NEW FW26;SNOW GOGGLES;LINE MINER L;GREY SMOKE;PRIZM SNOW BLACK
888392682338;Flight Deck M PacificBlack wPrizmRoseGld;99,09;218,00;4;396,36;0;0;0OO7064;7064H100;0OO70647064H100;NEW FW26;SNOW GOGGLES;FLIGHT DECK M;BLACK;PRIZM SNOW ROSE GOLD IRIDIUM
888392682345;Flight Deck M HeritageTextSand wPrzmTrch;99,09;218,00;4;396,36;0;0;0OO7064;7064H200;0OO70647064H200;NEW FW26;SNOW GOGGLES;FLIGHT DECK M;MOHAGANY;PRIZM SNOW TORCH IRIDIUM
888392682352;Flight Deck M Lilac Aubergine wPrizmIced;99,09;218,00;4;396,36;0;0;0OO7064;7064H300;0OO70647064H300;NEW FW26;SNOW GOGGLES;FLIGHT DECK M;LILAC;PRIZM SNOW ICED IRIDIUM
888392682017;Flight Deck L Fern wPrizm Sage Gold;99,09;218,00;4;396,36;0;0;0OO7050;7050F900;0OO70507050F900;NEW FW26;SNOW GOGGLES;FLIGHT DECK L;FERN;PRIZM SNOW SAGE GOLD IRIDIUM
888392682024;Flight Deck L Iron Red wPrizm Torch;99,09;218,00;6;594,54;0;0;0OO7050;7050G000;0OO70507050G000;NEW FW26;SNOW GOGGLES;FLIGHT DECK L;IRON RED;PRIZM SNOW TORCH IRIDIUM
888392682031;Flight Deck L Warp wPrizm Saph;99,09;218,00;4;396,36;0;0;0OO7050;7050G100;0OO70507050G100;NEW FW26;SNOW GOGGLES;FLIGHT DECK L;WARP;PRIZM SNOW SAPPHIRE IRIDIUM
888392682048;Flight Deck L Horizon wPrizm Argon;99,09;218,00;4;396,36;0;0;0OO7050;7050G200;0OO70507050G200;NEW FW26;SNOW GOGGLES;FLIGHT DECK L;HORIZON;PRIZM SNOW ARGON IRIDIUM
888392682055;Flight Deck L Sand Motion wPrizm 24K;99,09;218,00;6;594,54;0;0;0OO7050;7050G300;0OO70507050G300;NEW FW26;SNOW GOGGLES;FLIGHT DECK L;BLACK;PRIZM SNOW 24K IRIDIUM
